ID,name,preview,thumb,duration
1026471,Outdoor sex,https://thumb-v.xhcdn.com/t/471/1026471.mp4,https://thumb-v-ec.xhcdn.com/t/471/1_1026471.jpg,08:14
1205704,Tattooed MILF anal,https://thumb-v.xhcdn.com/t/704/1205704.mp4,https://thumb-v-ec.xhcdn.com/t/704/10_1205704.jpg,13:09
1415898,3 MILF Anal Combo ,https://thumb-v.xhcdn.com/t/898/1415898.mp4,https://thumb-v-ec.xhcdn.com/t/898/3_1415898.jpg,19:00
632950,MILF Babysitter Anal Interracial,https://thumb-v.xhcdn.com/t/950/632950.mp4,https://thumb-v-ec.xhcdn.com/t/950/7_632950.jpg,08:55
334660,Milf Sucks Fucks Anal Too,https://thumb-v.xhcdn.com/t/660/334660.mp4,https://thumb-v-ec.xhcdn.com/t/660/7_334660.jpg,20:38
276525,German MILF fucked ANAL,https://thumb-v.xhcdn.com/t/525/276525.mp4,https://thumb-v-ec.xhcdn.com/t/525/3_276525.jpg,20:34
2559868,anal with hot milfs and matures,https://thumb-v.xhcdn.com/t/868/2559868.mp4,https://thumb-v-ec.xhcdn.com/t/868/7_2559868.jpg,90:20
172376,German Anal MILF.,https://thumb-v.xhcdn.com/t/376/172376.mp4,https://thumb-v-ec.xhcdn.com/t/376/3_172376.jpg,20:34
1073050,MILF With Big Tits. Anal & Fisting.,https://thumb-v.xhcdn.com/t/050/1073050.mp4,https://thumb-v-ec.xhcdn.com/t/050/8_1073050.jpg,13:16
875227,German Milf Anal,https://thumb-v.xhcdn.com/t/227/875227.mp4,https://thumb-v-ec.xhcdn.com/t/227/9_875227.jpg,20:34
279007,Italian MILF anal,https://thumb-v.xhcdn.com/t/007/279007.mp4,https://thumb-v-ec.xhcdn.com/t/007/3_279007.jpg,15:35
1852741,Italian MILF Anal,https://thumb-v.xhcdn.com/t/741/1852741.mp4,https://thumb-v-ec.xhcdn.com/t/741/6_1852741.jpg,13:49
2629735,Amateur milf anal and facial,https://thumb-v.xhcdn.com/t/735/2629735.mp4,https://thumb-v-ec.xhcdn.com/t/735/4_2629735.jpg,06:37
2617174,MILF Triple Anal,https://thumb-v.xhcdn.com/t/174/2617174.mp4,https://thumb-v-ec.xhcdn.com/t/174/3_2617174.jpg,19:06
3398031,Amateur milf anal and facial,https://thumb-v.xhcdn.com/t/031/3398031.mp4,https://thumb-v-ec.xhcdn.com/t/031/6_3398031.jpg,09:14
2560185,grman milf anal,https://thumb-v.xhcdn.com/t/185/2560185.mp4,https://thumb-v-ec.xhcdn.com/t/185/1_2560185.jpg,10:00
2566179,Latin MILF Anal Fuck,https://thumb-v.xhcdn.com/t/179/2566179.mp4,https://thumb-v-ec.xhcdn.com/t/179/7_2566179.jpg,29:00
2551637,Amateur milf anal and facial,https://thumb-v.xhcdn.com/t/637/2551637.mp4,https://thumb-v-ec.xhcdn.com/t/637/6_2551637.jpg,09:14
337129,French milf anal fucked ,https://thumb-v.xhcdn.com/t/129/337129.mp4,https://thumb-v-ec.xhcdn.com/t/129/3_337129.jpg,04:02
3288466,Amateur milf anal and facial,https://thumb-v.xhcdn.com/t/466/3288466.mp4,https://thumb-v-ec.xhcdn.com/t/466/3_3288466.jpg,08:39
2575472,anal my fuck milf granny,https://thumb-v.xhcdn.com/t/472/2575472.mp4,https://thumb-v-ec.xhcdn.com/t/472/3_2575472.jpg,06:04
1691707,Blonde milf anal,https://thumb-v.xhcdn.com/t/707/1691707.mp4,https://thumb-v-ec.xhcdn.com/t/707/9_1691707.jpg,05:48
3720726,Amateur milf anal and facial,https://thumb-v.xhcdn.com/t/726/3720726.mp4,https://thumb-v-ec.xhcdn.com/t/726/9_3720726.jpg,07:23
3460692,Amateur milf anal and facial,https://thumb-v.xhcdn.com/t/692/3460692.mp4,https://thumb-v-ec.xhcdn.com/t/692/1_3460692.jpg,06:37
1731192,Japanese MILF Anal Sex(Uncensored),https://thumb-v.xhcdn.com/t/192/1731192.mp4,https://thumb-v-ec.xhcdn.com/t/192/1_1731192.jpg,07:47
1767141,Busty nerd MILF anal homemade,https://thumb-v.xhcdn.com/t/141/1767141.mp4,https://thumb-v-ec.xhcdn.com/t/141/1_1767141.jpg,22:05
1578733,Hot bikini milf anal sex,https://thumb-v.xhcdn.com/t/733/1578733.mp4,https://thumb-v-ec.xhcdn.com/t/733/1_1578733.jpg,43:04
708601,Anal MILF Nina Hartley Swallows,https://thumb-v.xhcdn.com/t/601/708601.mp4,https://thumb-v-ec.xhcdn.com/t/601/3_708601.jpg,37:34
